"CIP7";"Dosage";"Unites"
"1000001";"1000mg";10
"1000002";"10mg/mL;20mL";5
"1000003";"10mg/mL;50mL";10
"1000004";"10mg/mL;50mL";10
"1000005";"10mg/mL;50mL";10
"1000006";"10mg/mL;100mL";10
"1000007";"10mg/mL;20mL";5
"1000008";"10mg/ml;50mL";1
"1000009";"10mg/mL;100mL";1
"100001";"1000mg";10
"1000010";"20mg/mL;50mL";1
"100002";"10mg/mL;20mL";5
"100003";"10mg/mL;50mL";10
"100004";"10mg/mL;50mL";10
"100005";"10mg/mL;50mL";10
"100006";"10mg/mL;100mL";10
"2160908";"0,030mg";4
"2162474";"0,05mg";6
"2162511";"0,100mg";6
"2162557";"0,200mg";6
"2181170";"250mg";6
"2185653";"0,200mg";28
"2185682";"0,400mg";10
"2185699";"0,400mg";28
"2187899";"1000mg";10
"2187959";"10mg/mL;100mL";1
"2187971";"20mg/mL;100mL";1
"2194178";"500mg";16
"2194215";"500mg";16
"2194758";"2,5mg";30
"2194764";"5mg";30
"2194770";"10mg";30
"2206906";"30mg";1
"2208354";"400mg";5
"2208360";"400mg";7
"2210842";"2,5mg";4
"2210859";"5mg";4
"2210865";"7,5mg";4
"2210871";"10mg";4
"2214656";"1000mg";10
"2219079";"0,022mg";12
"2219091";"0,044mg";12
"2219116";"8,8microgrammes;22microgrammes";6
"2219808";"1,375mg";5
"2227765";"10mg";1
"2230193";"2,1mg";5
"2230230";"4,2mg";5
"2230276";"8,4mg";5
"2230307";"12,6mg";5
"2230342";"16,8mg";5
"2232022";"250mg";12
"2232128";"500mg";12
"2243971";"3mg;1mg";1
"2664508";"20mg";4
"2670495";"100mg";1
"2676782";"200mg";1
"2678841";"2,5mg";30
"2678870";"800mg";30
"2688503";"500mg";16
"2688532";"1000mg";8
"2688615";"500mg";16
"2688644";"1000mg";8
"2693958";"5mg";10
"2694159";"1000mg;125mg";8
"2694171";"1000mg;125mg";12
"2697057";"0,17mg";10
"2732285";"2000mg";1
"2732316";"2000mg";10
"2732345";"1000mg";1
"2732368";"1000mg";10
"2735651";"400mg";5
"2735668";"400mg";7
"2742668";"0,400mg";1
"2747938";"50mg";28
"2747944";"50mg";56
"2756044";"2,063mg";5
"2756067";"4,125mg";5
"2756096";"8,25mg";5
"2756110";"12,375mg";5
"2756133";"16,5mg";5
"2759031";"500mg";12
"2764351";"2mg";30
"2764368";"3mg";30
"2764374";"5mg";30
"2764658";"250mg";6
"2765675";"0,133mg";15
"2765698";"0,133mg";30
"2765770";"0,267mg";30
"2765853";"0,400mg";30
"2765959";"0,533mg";30
"2766031";"0,800mg";30
"2766580";"0,415mg";10
"2770512";"1000mg";1
"2770529";"1000mg";1
"2774993";"1000mg;125mg";8
"2775001";"1000mg;125mg";12
"2775018";"1000mg;125mg";8
"2775024";"1000mg;125mg";12
"2775053";"1000mg;125mg";8
"2775076";"1000mg;125mg";12
"2775082";"1000mg;125mg";8
"2775099";"1000mg;125mg";12
"2782484";"162mg/0,9mL";4
"2784833";"250mg";6
"2785525";"400mg";5
"2785531";"400mg";7
"2789411";"200mg";12
"2789747";"300mg";12
"2790153";"1000mg";10
"2790176";"500mg";10
"2792643";"400mg";5
"2792666";"400mg";7
"2792838";"500mg";1
"2792850";"250mg";1
"2792873";"125mg";1
"2792896";"1000mg";6
"2792904";"1000mg";14
"2792933";"500mg";12
"2794033";"600mg";10
"2795417";"50mg";28
"2795452";"50mg";56
"2795564";"200mg";14
"2795570";"200mg";28
"2795601";"200mg";56
"2802488";"500mg";16
"3000264";"200mg";1
"3000602";"100mg";60
"3000604";"150mg";60
"3000606";"250mg";10
"3000612";"500mg";16
"3000617";"1000mg";8
"3000766";"5mg";28
"3000768";"10mg";4
"3000769";"20mg";4
"3000770";"20mg";8
"3000799";"500mg";16
"3000882";"1000mg";6
"3000884";"1000mg";14
"3000929";"2mg";50
"3001066";"1000mg";6
"3001071";"1000mg";14
"3001758";"180mg";50
"3002078";"500mg";16
"3002158";"500mg";16
"3002161";"1000mg";8
"3002166";"1000mg";8
"3002171";"200mg";1
"3002184";"400mg";1
"3002974";"500mg";5
"3003328";"250mg";20
"3003330";"500mg";20
"3003622";"1000mg";8
"3004066";"1000mg";8
"3004106";"500mg";10
"3004107";"1000mg";10
"3004170";"50mg";30
"3004182";"200mg";30
"3004216";"600mg";1
"3004256";"150mg";60
"3004260";"200mg";60
"3004262";"300mg";30
"3004322";"500mg";16
"3004451";"50mg";14
"3004452";"50mg";28
"3004453";"200mg";14
"3004454";"200mg";28
"3004455";"200mg";56
"3004532";"500mg";16
"3005586";"600mg";10
"3005670";"50mg";28
"3005673";"50mg";56
"3005678";"200mg";14
"3005680";"200mg";28
"3005684";"200mg";56
"3005710";"200mg";1
"3005715";"200mg";1
"3005916";"50mg";56
"3005919";"200mg";56
"3006002";"100mg;25mg";60
"3006004";"200mg;50mg";120
"3006005";"500mg;500mg";1
"3006011";"400mg";5
"3006012";"400mg";7
"3006127";"600mg";10
"3006301";"50mg";56
"3006306";"2000mg;500mg";10
"3006513";"10mg";4
"3006515";"20mg";4
"3006516";"20mg";8
"3006907";"125mg";56
"3006908";"62,5mg";56
"3006909";"500mg";12
"3006965";"1mg";1
"3007124";"62,5mg";56
"3007146";"20mg";90
"3007320";"125mg";56
"3007352";"20mg";30
"3007353";"40mg";30
"3007354";"60mg";30
"3007415";"4,3mg/mL;10mL";1
"3007458";"1000mg";6
"3007459";"1000mg";14
"3007657";"500mg";12
"3008016";"200mg";14
"3008017";"200mg";28
"3008018";"200mg";56
"3008026";"5mg";28
"3008027";"10mg";4
"3008028";"20mg";4
"3008029";"20mg";8
"3008098";"20mg";56
"3008127";"10mg";4
"3008138";"20mg";4
"3008139";"20mg";8
"3008493";"400mg";60
"3008495";"600mg";60
"3008497";"800mg";30
"3008618";"600mg";10
"3008780";"20mg";90
"3008820";"5mg";84
"3008830";"600mg";60
"3008832";"800mg";30
"3008878";"500mg";16
"3008969";"10mg";4
"3008975";"20mg";4
"3008977";"20mg";8
"3009293";"30mg";10
"3009296";"45mg";10
"3009297";"75mg";10
"3009395";"2,5mg";28
"3009410";"5mg";28
"3009412";"5mg";84
"3009423";"10mg";4
"3009443";"20mg";4
"3009446";"20mg";8
"3009638";"1000mg";1
"3009842";"2,5mg";28
"3009857";"5mg";28
"3009965";"2,5mg";28
"3009968";"5mg";28
"3009969";"5mg";84
"3009971";"10mg";4
"3009974";"20mg";4
"3009975";"20mg";8
"3010007";"5mg";84
"3010010";"10mg";4
"3010020";"5mg";28
"3010023";"10mg";4
"3010026";"20mg";4
"3010027";"20mg";8
"3010038";"20mg";4
"3010041";"20mg";8
"3010060";"150mg";2
"3010061";"200mg";2
"3010062";"150mg";2
"3010063";"200mg";2
"3010136";"600mg";10
"3010237";"20mg";24
"3010478";"600mg";60
"3010805";"125mg";1
"3010811";"250mg";1
"3010819";"500mg";1
"3010922";"267mg";252
"3010923";"801mg";84
"3011279";"1000mg";6
"3011281";"1000mg";14
"3011380";"400mg";5
"3011382";"400mg";7
"3011459";"20mg";90
"3011461";"20mg";90
"3011472";"1000mg";6
"3011473";"1000mg";14
"3011729";"20mg/mL;80mg/mL;60mL";2
"3011761";"2,5mg";30
"3011763";"5mg";30
"3011767";"10mg";30
"3012139";"800mg";30
"3012257";"5mg";28
"3012259";"10mg";4
"3012260";"20mg";4
"3012261";"20mg";8
"3012549";"800mg";30
"3012667";"1mg/mL;5mL";10
"3012706";"400mg";60
"3012708";"600mg";60
"3012755";"400mg";60
"3012761";"600mg";60
"3012766";"800mg";30
"3012833";"20mg";90
"3013054";"5mg";28
"3013058";"20mg";8
"3013551";"62,5mg";56
"3013554";"125mg";56
"3013667";"1mg";60
"3013819";"20mg";90
"3013841";"400mg";1
"3013843";"600mg";1
"3013845";"800mg";1
"3013928";"10mg";4
"3013932";"20mg";4
"3013933";"20mg";8
"3014188";"20mg";56
"3014223";"2000mg";10
"3014454";"10mg";4
"3014458";"20mg";4
"3014459";"20mg";8
"3014524";"20mg";24
"3014552";"162mg/0,9mL";4
"3014558";"30mg/mL";1
"3014753";"150mg";12
"3014756";"300mg";16
"3015240";"2,5mg";30
"3015242";"5mg";30
"3015244";"10mg";30
"3015262";"2,5mg";30
"3015264";"5mg";30
"3015266";"10mg";30
"3015267";"2,5mg";30
"3015269";"5mg";30
"3015271";"10mg";30
"3015328";"10mg";30
"3015334";"150mg";1
"3015335";"5mg";30
"3015337";"300mg";1
"3015486";"250mg";30
"3015500";"250mg";30
"3015501";"250mg";30
"3015510";"250mg";30
"3015666";"250mg";30
"3015698";"250mg";30
"3015755";"400mg";1
"3015756";"600mg";60
"3015757";"800mg";30
"3015909";"400mg";5
"3015910";"400mg";7
"3015913";"2,5mg";30
"3016076";"1mg";1
"3016077";"2,5mg";1
"3016080";"5mg";1
"3016081";"10mg";1
"3016149";"150mg";60
"3016151";"200mg";60
"3016153";"300mg";30
"3016327";"300mg";30
"3016334";"200mg";10
"3016339";"300mg";30
"3016340";"200mg";10
"3016347";"250mg";30
"3016392";"140mg";30
"3016398";"100mg";30
"3016405";"70mg";60
"3016413";"50mg";60
"3016417";"20mg";60
"3016463";"600mg";2
"3016464";"800mg";1
"3016597";"150mg";60
"3016602";"300mg";30
"3016709";"250mg";30
"3016747";"5mg";84
"3016832";"250mg";30
"3017008";"500mg";16
"3017157";"400mg";60
"3017162";"600mg";1
"3017166";"800mg";1
"3017872";"200mg";1
"3018218";"300mg";1
"3066809";"75mg";12
"3066815";"150mg";12
"3069848";"10mg";1
"3073100";"100mg";10
"3073117";"100mg";20
"3087036";"0,5mg";6
"3091500";"300mg";30
"3091629";"300mg";30
"3158753";"500mg";12
"3195317";"1mg/mL;1mL";10
"3211105";"125mg";1
"3211128";"250mg";1
"3223887";"500mg";20
"3225260";"1000mg";1
"3230002";"500mg";1
"3232018";"500mg";16
"3233153";"500mg";12
"3234520";"500mg";12
"3242554";"250mg";24
"3242560";"125mg";24
"3254445";"500mg";1
"3256757";"500mg";16
"3257001";"500mg";16
"3258615";"500mg";16
"3265696";"1000mg";1
"3267488";"1000mg";1
"3267525";"1000mg";1
"3267904";"500mg";16
"3269501";"80mg";1
"3269518";"160mg";1
"3269524";"40mg";1
"3269530";"10mg";1
"3273649";"500mg";16
"3273655";"600mg";10
"3290205";"500mg";16
"3290323";"200mg";10
"3292227";"500mg";16
"3299293";"0,5mg";6
"3299324";"0,5mg";6
"3301073";"5000UIantiXa";2
"3301096";"2500UIantiXa";2
"3304025";"1000mg;200mg";1
"3304746";"1000mg";8
"3305496";"1000mg";6
"3307199";"500mg";16
"3308483";"500mg";12
"3312941";"250mg";10
"3318441";"50mg";1
"3318458";"50mg";10
"3319038";"10mg";1
"3319044";"10mg";10
"3324708";"3MUI";10
"3329522";"100mg;12,5mg";1
"3331401";"100mg;12,5mg";1
"3332352";"10mg";14
"3332369";"30mg";14
"3332375";"60mg";14
"3332381";"100mg";14
"3333251";"500mg";16
"3338194";"30mg/mL";1
"3338811";"500mg";16
"3340802";"10mg";1
"3340825";"50mg";1
"3347997";"7,5mg";14
"3348005";"15mg";14
"3351639";"500mg";16
"3352981";"5000UIantiXa";6
"3353012";"2500UIantiXa";6
"3357814";"250mg";20
"3357820";"250mg";40
"3358771";"2mg/mL;5mL";1
"3358788";"2mg/mL;25mL";1
"3365239";"500mg";1
"3373061";"7500UIantiXa";2
"3373084";"10000UIantiXa";2
"3376668";"500mg";16
"3379922";"2,063mg";5
"3385704";"500mg";12
"3385868";"125mg";1
"3385880";"250mg";1
"3385905";"500mg";1
"3390533";"80mg";12
"3390556";"80mg";10
"3390562";"150mg";12
"3390579";"150mg";10
"3390585";"300mg";10
"3391248";"200mg";2
"3398635";"1,5mg";20
"3400390";"250mg";12
"3402130";"10mg/mL;1mL";10
"3405370";"200mg";14
"3406033";"0,100mg";1
"3410365";"300mg";16
"3417172";"1000mg";14
"3421297";"7500UIantiXa";10
"3421305";"10000UIantiXa";10
"3422859";"1000mg";1
"3423830";"4,2mg";5
"3423847";"8,4mg";5
"3423853";"12,6mg";5
"3423876";"16,8mg";5
"3429123";"10mg/mL;5mL";10
"3429146";"20mg/mL;5mL";10
"3430066";"150mg";14
"3432326";"0,030mg";4
"3433372";"600mg";8
"3438725";"10mg";10
"3438748";"30mg";10
"3438760";"100mg";10
"3439251";"100mg;12,5mg";1
"3441093";"20mg/mL;1mL";10
"3441940";"500mg";1
"3443382";"1000mg";6
"3443399";"1000mg";14
"3443873";"0,100mg";1
"3445085";"1000mg;125mg";8
"3445116";"1000mg;125mg";12
"3450778";"500mg";16
"3461227";"10mg";1
"3461256";"50mg";1
"3461546";"24mg/mL";1
"3462652";"1000mg";1
"3462675";"1000mg";1
"3463048";"25mg";60
"3463054";"50mg";60
"3463060";"100mg";60
"3463077";"10mg";60
"3463315";"100mg";1
"3473058";"500mg";16
"3474170";"0,022mg";12
"3480911";"100mg";10
"3480940";"150mg";10
"3480986";"200mg";10
"3481017";"300mg";10
"3482152";"500mg";16
"3491317";"500mg";12
"3495137";"5mg";14
"3496556";"500mg";5
"3499000";"10mg";14
"3499129";"20mg";14
"3499230";"30mg";14
"3499833";"100mg";12
"3499879";"150mg";12
"3499916";"200mg";12
"3499945";"300mg";12
"3507745";"1000mg;200mg";10
"3508093";"0,044mg";12
"3508182";"500mg;50mg";10
"3508207";"2000mg;200mg";10
"3512025";"10mg";10
"3512031";"40mg";10
"3512048";"80mg";10
"3512054";"160mg";10
"3517732";"250mg";6
"3517755";"250mg";6
"3517778";"250mg";4
"3521202";"500mg";12
"3525186";"500mg";1
"3525192";"250mg";1
"3525200";"125mg";1
"3525217";"500mg";1
"3525223";"250mg";1
"3525246";"125mg";1
"3529103";"1000mg";8
"3529178";"1000mg";8
"3529422";"1000mg";8
"3529439";"1000mg";8
"3532074";"2,5mg";60
"3532111";"5mg";60
"3533702";"500mg;62,5mg";16
"3533725";"500mg;62,5mg";24
"3533754";"500mg;62,5mg";16
"3533777";"500mg;62,5mg";24
"3533872";"1000mg;125mg";8
"3533895";"1000mg;125mg";12
"3535575";"100mg;12,5mg";1
"3545131";"50mg";100
"3550451";"1000mg";20
"3554791";"1000mg";1
"3554839";"1000mg";1
"3556726";"1000mg";1
"3556755";"500mg";1
"3556896";"1000mg";1
"3556927";"500mg";1
"3558286";"1000mg";6
"3558292";"1000mg";14
"3558978";"500mg";16
"3559050";"1000mg";1
"3559914";"500mg";16
"3561621";"2000mg";5
"3561992";"50mg/mL;10mL";1
"3562017";"50mg/mL;10mL";10
"3562069";"1mg/mL;1mL";10
"3565642";"40mg";1
"3565659";"40mg";1
"3566819";"20mg/mL;80mg/mL;60mL";5
"3568468";"1000mg";14
"3568847";"1mg";1
"3574380";"500mg";1
"3574405";"1000mg";1
"3574486";"1000mg";1
"3576568";"500mg";12
"3576574";"500mg";1
"3576580";"250mg";1
"3576597";"125mg";1
"3580630";"0,200mg";3
"3580682";"0,400mg";3
"3580736";"0,600mg";3
"3581753";"500mg";16
"3581836";"1000mg";25
"3584266";"0,100mg";1
"3584349";"0,800mg";3
"3584384";"1200microgrammes";3
"3584421";"1600microgrammes";3
"3584817";"500mg";16
"3587572";"5mg";50
"3589571";"1mg";50
"3589588";"0,5mg";50
"3592219";"0,3mg";1
"3592231";"1mg";1
"3592886";"50mg";28
"3592892";"50mg";56
"3592900";"200mg";14
"3592917";"200mg";28
"3592923";"200mg";56
"3592946";"200mg";1
"3594827";"100mg;12,5mg";1
"3594833";"100mg;12,5mg";1
"3594856";"100mg;12,5mg";1
"3594862";"100mg;12,5mg";1
"3594891";"100mg;12,5mg";1
"3594916";"100mg;12,5mg";1
"3595258";"250mg";10
"3595270";"500mg";50
"3595301";"1mg";30
"3595583";"1000mg";8
"3597978";"1000mg";6
"3597984";"1000mg";14
"3598038";"1000mg";1
"3598133";"1000mg";1
"3599629";"75mg";10
"3599753";"1000mg";8
"3601303";"3mg";1
"3602722";"100mg;12,5mg";1
"3602739";"100mg;12,5mg";1
"3603087";"200mg";10
"3603584";"125mg";1
"3603590";"250mg";1
"3603609";"500mg";1
"3605666";"1000mg";1
"3605703";"1000mg";1
"3608794";"500mg;62,5mg";16
"3608802";"500mg;62,5mg";24
"3608908";"500mg;62,5mg";16
"3608914";"500mg;62,5mg";24
"3610064";"500mg;62,5mg";16
"3610070";"500mg;62,5mg";24
"3611276";"500mg";12
"3611508";"500mg";16
"3612703";"250mg";12
"3612732";"500mg";12
"3612838";"500mg";12
"3612844";"250mg";12
"3613335";"500mg";16
"3615044";"1000mg";1
"3615682";"2mg";30
"3615883";"1000mg";8
"3616279";"60mg";20
"3616670";"200mg";10
"3617385";"500mg";16
"3617988";"200mg";10
"3618019";"1000mg";1
"3619622";"100mg;12,5mg";1
"3623842";"200mg";10
"3624669";"1000mg";8
"3624675";"1000mg";8
"3624698";"1000mg";8
"3624994";"0,200mg";2
"3625657";"500mg";16
"3627550";"500mg";16
"3628489";"1000mg";1
"3630871";"180mg";120
"3630919";"360mg";120
"3631830";"500mg";16
"3633668";"1000mg";8
"3635839";"200mg";10
"3638068";"1000mg;125mg";8
"3638074";"1000mg;125mg";12
"3638157";"1000mg";8
"3638163";"1000mg";8
"3638186";"1000mg";8
"3638192";"1000mg";8
"3638424";"250mg";12
"3638430";"500mg";12
"3640438";"150mg";10
"3640450";"200mg";10
"3640616";"40mg";1
"3641030";"0,75mg";60
"3641082";"0,5mg";60
"3641113";"0,25mg";60
"3641159";"0,1mg";60
"3641188";"0,25mg";60
"3641202";"0,100mg";1
"3641219";"0,100mg";1
"3641432";"25mg";50
"3641490";"50mg";100
"3642934";"250mg";12
"3642963";"500mg";12
"3643081";"500mg";12
"3643098";"250mg";12
"3643158";"0,5mg";10
"3643193";"1mg";10
"3643247";"0,25mg";10
"3643299";"1mg/mL;5mL";10
"3643336";"1mg/mL;20mL";10
"3643394";"0,25mg/mL;1mL";10
"3644146";"200mg";30
"3645298";"200mg";10
"3646748";"2500U(2,5mg)";6
"3646754";"2500U(2,5mg)";30
"3648546";"1000mg";8
"3651347";"200mg";3
"3653174";"0,25mg";10
"3653180";"0,25mg";100
"3653197";"0,5mg";10
"3653205";"0,5mg";100
"3653211";"1mg";10
"3653228";"1mg";100
"3655718";"1000mg";8
"3656221";"1000mg;125mg";8
"3656238";"1000mg;125mg";12
"3656273";"500mg;62,5mg";16
"3656296";"500mg;62,5mg";24
"3656327";"1000mg;125mg";8
"3656333";"1000mg;125mg";12
"3656646";"5mg";60
"3656847";"500mg";16
"3657806";"1,25mg";20
"3657953";"2,5mg";60
"3658013";"5mg";60
"3658243";"250mg";1
"3658438";"2,5mg";60
"3658728";"20mg";1
"3659484";"20mg";1
"3659490";"30mg";1
"3666573";"500mg";1
"3668307";"500mg;62,5mg";16
"3668313";"500mg;62,5mg";24
"3670801";"1000mg;125mg";8
"3670818";"1000mg;125mg";12
"3671611";"200mg";10
"3672467";"250mg";12
"3672473";"500mg";12
"3673047";"500mg";16
"3673188";"500mg;62,5mg";16
"3673194";"500mg;62,5mg";24
"3673202";"100mg;12,5mg";1
"3673231";"500mg;62,5mg";16
"3673248";"500mg;62,5mg";24
"3673610";"250mg";1
"3673627";"500mg";1
"3673633";"500mg";12
"3673751";"500mg";16
"3674265";"1000mg";6
"3674271";"1000mg";14
"3674408";"500mg";1
"3674414";"1000mg";1
"3674420";"500mg";1
"3674437";"1000mg";1
"3674489";"250mg";12
"3674495";"500mg";12
"3678234";"250mg";12
"3678317";"500mg";12
"3679601";"500mg";12
"3680343";"100mg;12,5mg";1
"3682112";"250mg";12
"3682230";"500mg";12
"3686110";"1000mg;200mg";10
"3686239";"2000mg;200mg";10
"3688296";"125mg";1
"3688818";"500mg;50mg";10
"3688847";"1000mg;100mg";10
"3689717";"20mg/mL;1mL";10
"3690040";"10mg/mL;1mL";10
"3690198";"1mg/mL;1mL";10
"3690577";"40mg/mL;10mL";10
"3690755";"10mg/mL;1mL";10
"3691068";"10mg/mL;1mL";10
"3691105";"10mg/mL;5mL";10
"3691163";"10mg/mL;10mL";10
"3691921";"2000mg;250mg";1
"3691944";"4000mg;500mg";1
"3692085";"1000mg";1
"3692369";"600mg";1
"3694612";"1000mg";8
"3698515";"2,1mg";5
"3701341";"0,25mg";10
"3701364";"0,5mg";10
"3701387";"1mg";10
"3702292";"500mg";1
"3702300";"1000mg";1
"3702346";"2000mg";1
"3702352";"500mg";1
"3702406";"20mg";90
"3723265";"250mg";1
"3723288";"500mg";1
"3723302";"1000mg";1
"3723325";"2000mg";1
"3740677";"1000mg";8
"3741547";"0,5mg";50
"3745999";"250mg";6
"3746059";"3MUI";10
"3746088";"3MUI";16
"3746119";"3MUI";10
"3746148";"3MUI";16
"3748532";"1mg";50
"3748561";"5mg";50
"3750144";"500mg;62,5mg";16
"3750150";"500mg;62,5mg";24
"3750925";"4000mg;500mg";1
"3751511";"75mg";84
"3752746";"500mg";5
"3759027";"8,8microgrammes;22microgrammes";6
"3759524";"100mg;12,5mg";1
"3759530";"100mg;12,5mg";1
"3762271";"200mg";1
"3763419";"3MUI";10
"3763425";"3MUI";16
"3763431";"3MUI";10
"3763448";"3MUI";16
"3763454";"3MUI";10
"3763460";"3MUI";16
"3763477";"3MUI";10
"3763483";"3MUI";16
"3767340";"200mg";10
"3767469";"200mg";10
"3769356";"200mg";10
"3771117";"500mg";16
"3773412";"500mg;62,5mg";16
"3773429";"500mg;62,5mg";24
"3773642";"1000mg;125mg";8
"3773659";"1000mg;125mg";12
"3773748";"100mg;12,5mg";1
"3773754";"100mg;12,5mg";1
"3774831";"1000mg";1
"3776379";"20mg";60
"3776416";"50mg";60
"3776445";"70mg";60
"3776468";"2000mg;200mg";10
"3776511";"1000mg;200mg";10
"3778438";"30mg/mL";1
"3780375";"1000mg";1
"3780381";"2000mg";1
"3780412";"1000mg";1
"3786107";"500mg;50mg";10
"3791025";"100mg;12,5mg";1
"3792007";"50mg";100
"3792094";"500mg";16
"3793538";"250mg";6
"3794549";"250mg";6
"3794578";"250mg";6
"3802556";"250mg";6
"3806927";"0,5mg";30
"3806962";"1mg";30
"3806991";"5mg";30
"3809239";"5mg";5
"3809334";"250mg";12
"3809363";"500mg";12
"3809541";"500mg";12
"3812313";"2000mg;250mg";1
"3812342";"2000mg;250mg";10
"3812939";"4000mg;500mg";1
"3812968";"4000mg;500mg";10
"3814950";"2,89mg";5
"3818304";"1000mg";1
"3818333";"2000mg";1
"3819686";"500mg";16
"3819723";"1000mg";8
"3819806";"1000mg";8
"3819829";"1000mg";8
"3820057";"500mg";16
"3820152";"30mg";10
"3820169";"45mg";10
"3821341";"1000mg;200mg";10
"3821387";"250mg";6
"3821855";"500mg;100mg";10
"3822085";"2000mg;200mg";10
"3822122";"500mg;50mg";10
"3824061";"250mg";6
"3826723";"1000mg";8
"3833700";"500mg;500mg";1
"3840982";"500mg";12
"3841007";"500mg";16
"3841295";"500mg";16
"3844187";"5mg/mL;20mL";1
"3844201";"100mg;25mg";60
"3844336";"1000mg";6
"3844342";"1000mg";14
"3848788";"300mg";1
"3850041";"250mg";100
"3850064";"500mg";50
"3850934";"4,125mg";5
"3850957";"8,25mg";5
"3850986";"12,375mg";5
"3851023";"16,5mg";5
"3852531";"500mg";16
"3854990";"50mg";100
"3855185";"500mg";12
"3861493";"1000mg";1
"3865048";"1,38mg";5
"3865108";"2,75mg";5
"3865172";"5,5mg";5
"3865232";"8,25mg";5
"3865284";"11mg";5
"3865781";"5mg";30
"3865806";"10mg";30
"3868259";"100mg;12,5mg";1
"3869804";"100mg;12,5mg";1
"3871043";"500mg";16
"3876282";"250mg";4
"3878306";"1000mg";10
"3882911";"1000mg";6
"3882934";"1000mg";14
"3884962";"300mg";12
"3886346";"300mg";12
"3886352";"500mg";12
"3886369";"1000mg";8
"3895368";"2,5mg";60
"3895411";"5mg";60
"3895693";"2000mg;250mg";1
"3895730";"4000mg;500mg";1
"3899797";"200mg";1
"3906066";"0,05mg";60
"3906238";"1000mg";1
"3906296";"2000mg";1
"3906959";"500mg";12
"3906971";"1000mg";8
"3910429";"0,100mg";10
"3910435";"0,100mg";30
"3910441";"0,200mg";10
"3910458";"0,200mg";30
"3910464";"0,300mg";10
"3910470";"0,300mg";30
"3910487";"0,400mg";10
"3910493";"0,400mg";30
"3910518";"0,600mg";30
"3910576";"0,800mg";30
"3911015";"500mg";5
"3915958";"100mg";30
"3920741";"1000mg";6
"3920787";"1000mg";14
"3921404";"2000mg;250mg";1
"3921427";"2000mg;250mg";10
"3921433";"2000mg;250mg";1
"3921462";"2000mg;250mg";10
"3921479";"4000mg;500mg";1
"3921491";"4000mg;500mg";10
"3922071";"0,100mg";4
"3922088";"0,100mg";28
"3922094";"0,200mg";4
"3922102";"0,200mg";28
"3922125";"0,400mg";28
"3922148";"0,600mg";28
"3922160";"0,800mg";28
"3931383";"400mg";60
"3931408";"600mg";60
"3931466";"0,066mg";4
"3931472";"0,132mg";4
"3932282";"250mg";6
"3936570";"2000mg;250mg";1
"3936587";"2000mg;250mg";10
"3936630";"4000mg;500mg";1
"3936647";"4000mg;500mg";10
"3939054";"5,78mg";5
"3939114";"11,56mg";5
"3939189";"17,34mg";5
"3939232";"23,12mg";5
"3949791";"500mg";5
"3949874";"500mg";5
"3950096";"250mg";6
"3953427";"1mg/mL;10mL";10
"3953462";"3mg";30
"3953479";"500mg";3
"3958028";"500mg";5
"3958229";"500mg";5
"3958413";"500mg";5
"3959482";"0,2mg";50
"3959499";"1mg";50
"3959507";"250mg";30
"3959513";"75mg";480
"3959536";"150mg";240
"3962811";"5mg";30
"3962828";"10mg";30
"3964098";"4,125mg";5
"3964135";"16,5mg";5
"3964170";"8,25mg";5
"3969925";"12,375mg";5
"3971187";"0,500mg";1
"3971193";"1mg";1
"3971201";"0,200mg";1
"3974300";"7500UIantiXa";10
"3974323";"12500UIantiXa";5
"3974346";"15000UIantiXa";5
"3974352";"18000UIantiXa";5
"3979645";"500mg";5
"3984362";"2,063mg";5
"3984451";"4,125mg";5
"3984534";"8,25mg";5
"3984646";"12,375mg";5
"3988271";"500mg";5
"3988319";"500mg";5
"3990339";"16,5mg";5
"3991149";"500mg";5
"4150908";"1000mg";8
"4151150";"500mg";16
"4153396";"1000mg";8
"4153404";"1000mg";8
"4163124";"1000mg";8
"4163182";"500mg";16
"4184557";"1000mg";1
"4184563";"1000mg";10
"4196431";"500mg";5
"4900107";"100mg";60
"4900109";"100mg";60
"4900145";"0,100mg";1
"4900162";"50mg";100
"4900169";"250mg";6
"4900200";"0,100mg";1
"4900228";"50mg";100
"4900247";"50mg";100
"4900268";"50mg";60
"4900568";"500mg";5
"4911543";"500mg";16
"4912525";"1000mg";10
"4917273";"500mg;500mg";1
"4917296";"500mg;500mg";10
"4917959";"250mg";100
"4921211";"250mg";100
"4924451";"500mg";50
"4925019";"10000UIantiXa";5
"4929715";"500mg";50
"4930457";"0,51mg";30
"4940964";"200mg;50mg";120
"4946174";"140mg";30
"4946599";"250mg";100
"4946636";"500mg";50
"4947512";"500mg";10
"4947564";"1000mg";10
"4947618";"2000mg";10
"4950448";"250mg";10
"4950454";"500mg";50
"4964255";"1,5mg";20
"4966633";"1mg";1
"4966662";"4mg";1
"4979392";"500mg";50
"4991430";"2,75mg";5
"4991453";"5,5mg";5
"4991482";"8,25mg";5
"4991559";"11mg";5
"5500025";"0,100mg";5
"5500095";"100mg";20
"5500271";"600mg";10
"5500314";"500mg";100
"5500343";"62,5mg";56
"5500346";"125mg";56
"5500417";"10mg/mL;5mL";10
"5500653";"2mg/mL;300mL";10
"5500774";"500mg";100
"5500909";"2mg/mL;300mL";10
"5500942";"62,5mg";56
"5500944";"125mg";56
"5501092";"0,100mg";5
"5501374";"2000mg";10
"5501417";"2mg/mL;2,5mL";5
"5501419";"2mg/mL;5mL";5
"5501421";"2mg/mL;10mL";5
"5501425";"5mg/mL;30mL";1
"5501475";"1000mg";80
"5501478";"0,015mg";20
"5501521";"200mg";1
"5501590";"100mg";1
"5502311";"125mg";56
"5502371";"500mg";10
"5502375";"1000mg";10
"5502439";"62,5mg";56
"5502442";"125mg";56
"5502665";"37,5mg";1
"5502666";"6,75mg";1
"5502711";"37,5mg";1
"5502983";"150mg";12
"5502984";"300mg";16
"5503111";"6,75mg";1
"5503112";"37,5mg";1
"5503196";"500mg;500mg";10
"5503398";"75mg";1
"5503399";"20mg/mL;25mL";1
"5503400";"20mg/mL;50mL";1
"5503708";"500mg;500mg";10
"5503751";"1000mg";10
"5503755";"2000mg";10
"5503760";"500mg";10
"5504234";"20mg/mL;2mL";1
"5504235";"20mg/mL;5mL";1
"5504236";"20mg/mL;15mL";1
"5504237";"20mg/mL;25mL";1
"5504953";"0,025mg";8
"5505203";"10mg/mL;2,5mL";5
"5505205";"10mg/mL;5mL";5
"5505543";"5mg/mL;50mL";20
"5505544";"5mg/mL;100mL";20
"5505575";"1000mg";1
"5505661";"10mg/mL;5mL";10
"5505724";"0,1mg/mL;2mL";5
"5505729";"0,1mg/mL;5mL";5
"5505731";"0,1mg/mL;10mL";5
"5505908";"400mg";50
"5505954";"0,1mg/mL;2mL";25
"5506059";"500mg";1
"5506060";"1000mg";1
"5506176";"10mg/mL;5mL";10
"5506799";"2mg/mL;2,5mL";5
"5506800";"2mg/mL;5mL";5
"5506801";"2mg/mL;10mL";5
"5524995";"2000mg";10
"5528059";"1000mg";1
"5535326";"10mg/mL;1mL";100
"5535332";"20mg/mL;1mL";100
"5536656";"300mg";60
"5545796";"50mg";10
"5546057";"1mg";5
"5546086";"5mg";10
"5547335";"500mg";10
"5552520";"0,5mg";1
"5553063";"500mg";100
"5554298";"200mg";50
"5557753";"1000mg";10
"5560531";"400mg";1
"5560548";"100mg";1
"5560554";"200mg";1
"5560844";"2500UIantiXa";10
"5560850";"5000UIantiXa";10
"5561370";"0,5mg";10
"5564871";"500mg";10
"5573901";"100mL";1
"5574295";"100mL";6
"5575188";"500mg";1
"5582455";"351600mg";6
"5583207";"3MUI";100
"5587837";"0,1mg";5
"5588742";"5mg";10
"5594866";"10mg";1
"5594889";"50mg";1
"5594895";"200mg";1
"5595340";"2mg/mL;2,5mL";5
"5595357";"2mg/mL;5mL";5
"5595363";"2mg/mL;10mL";5
"5595392";"5mg/mL;30mL";1
"5596575";"250mL";6
"5596641";"50mg";20
"5597770";"10mg/mL;50mL";1
"5601394";"1mg";5
"5601402";"2mg";5
"5601649";"5mg";5
"5602761";"10mg/mL;5mL";100
"5602784";"20mg/mL;5mL";100
"5603588";"1000mg";10
"5603594";"2000mg";10
"5603619";"20mg";1
"5606919";"2mg/mL;10mL";5
"5608261";"500mg";100
"5608309";"1000mg";1
"5608338";"2000mg";2
"5609355";"2mg/mL;4mL";10
"5609993";"10mg/mL;20mL";5
"5610016";"10mg/mL;50mL";10
"5610045";"10mg/mL;100mL";10
"5610364";"500mg";10
"5610401";"1000mg";10
"5611197";"2000mg";10
"5614379";"2mg/mL;10mL";10
"5614971";"200mg";1
"5618928";"20mg";1
"5618986";"5mg/mL;50mL";1
"5619000";"5mg/mL;100mL";1
"5619365";"50mg";1
"5619394";"500mg/20mL";4
"5619767";"900mg";1
"5619773";"600mg";1
"5620121";"100mg";10
"5622002";"0,5mg";10
"5622025";"0,1mg";10
"5624260";"6,75mg";1
"5624277";"37,5mg";1
"5624432";"250mg";10
"5625845";"125mg";1
"5625928";"250mg";1
"5625957";"500mg";1
"5625986";"1000mg";1
"5626218";"0,1mg";10
"5626276";"0,5mg";10
"5627241";"5mg/mL;1mL";10
"5627258";"5mg/mL;10mL";10
"5627264";"1mg/mL;5mL";10
"5627838";"250mg";10
"5629978";"500mg";10
"5629990";"1000mg";10
"5630444";"50mg/mL;2mL";10
"5630591";"1000mg";12
"5631395";"600mg";10
"5631834";"1000mg";100
"5632609";"50mg";2
"5632615";"50mg";1
"5632992";"1000mg";100
"5633158";"250mg";10
"5633371";"500mg";25
"5633394";"1000mg";25
"5633477";"250mg";10
"5636079";"10mg/mL;20mL";5
"5636116";"20mg/mL;50mL";1
"5636240";"500mg";12
"5636955";"1000mg";100
"5638345";"5mg";10
"5639675";"200mg";20
"5639681";"200mg";10
"5641063";"20mg/mL;50mL";1
"5641235";"200mg";50
"5642111";"400mg";10
"5643547";"2mg/mL;4mL";50
"5645121";"10mg";1
"5645397";"4000mg";10
"5646103";"2mg/mL;8mL";10
"5647870";"500mg";100
"5648711";"1mg/mL;5mL";10
"5648734";"5mg/mL;1mL";10
"5648740";"5mg/mL;1mL";50
"5648786";"5mg/mL;10mL";10
"5648970";"0,250mg";20
"5649627";"1000mg";100
"5651162";"10mg";5
"5651179";"10mg/mL;2,5mL";5
"5651185";"10mg/mL;5mL";5
"5651268";"100mg";1
"5651392";"2000mg";25
"5652144";"5mg/mL;10mL";10
"5652167";"1mg/mL;5mL";10
"5652196";"5mg/mL;1mL";10
"5653936";"10mg/mL;25mL";1
"5654545";"1mg/mL;1mL";10
"5657354";"2mg/mL;4mL";10
"5659838";"5mg";1
"5659844";"5mg";1
"5661315";"125mg";1
"5661321";"250mg";1
"5661338";"500mg";10
"5661404";"1000mg";1
"5662510";"500mg";100
"5669618";"20mg/mL;5mL";100
"5669682";"10mg/mL;5mL";100
"5672632";"500mg";100
"5672678";"750mg";100
"5674714";"0,250mg";10
"5675174";"6mg/mL;5mL";1
"5675180";"6mg/mL;16,7mL";1
"5675197";"6mg/mL;50mL";1
"5680979";"2mg/mL;8mL";10
"5685155";"6mg/mL;5mL";1
"5685161";"6mg/mL;16,7mL";1
"5685178";"6mg/mL;50mL";1
"5689785";"6mg/mL;25mL";1
"5695604";"5mg";1
"5696443";"0,100mg";5
"5699588";"6mg/mL;25mL";1
"5702646";"5mg";10
"5702818";"5mg";1
"5704094";"1000mg";10
"5704119";"2000mg";10
"5704154";"500mg";10
"5704160";"1000mg";10
"5704183";"2000mg";10
"5704734";"5mg/mL;10mL";1
"5704800";"5mg/mL;20mL";1
"5705283";"20mg/mL;50mL";10
"5711183";"2mg/mL;5mL";1
"5711214";"2mg/mL;25mL";1
"5711220";"2mg/mL;100mL";1
"5711384";"300mg/30mL";1
"5713147";"6mg/mL;5mL";1
"5713153";"6mg/mL;16,7mL";1
"5713176";"6mg/mL;50mL";1
"5713874";"10mg/mL;2,5mL";5
"5713880";"10mg/mL;5mL";5
"5713897";"10mg/mL;25mL";1
"5714112";"1000mg";5
"5714135";"2000mg";5
"5714158";"500mg";5
"5714170";"250mg";5
"5714224";"1mg/mL;5mL";10
"5715212";"10mg/mL;5mL";10
"5717352";"10mg/mL;50mL";10
"5717369";"10mg/mL;100mL";10
"5717375";"6mg/mL;5mL";1
"5717381";"6mg/mL;16,7mL";1
"5717398";"6mg/mL;25mL";1
"5717406";"6mg/mL;50mL";1
"5718601";"500mg";10
"5718624";"1000mg";10
"5718713";"5mg/mL;10mL";1
"5718736";"5mg/mL;20mL";1
"5724659";"2mg/mL;5mL";1
"5724671";"2mg/mL;25mL";1
"5724688";"2mg/mL;50mL";1
"5724694";"2mg/mL;100mL";1
"5724702";"2mg/mL;200mL";1
"5724808";"5mg/mL;10mL";1
"5724820";"5mg/mL;20mL";1
"5725162";"2mg/mL;5mL";1
"5725179";"2mg/mL;10mL";1
"5725185";"2mg/mL;25mL";1
"5725191";"2mg/mL;50mL";1
"5725222";"2mg/mL;100mL";1
"5726902";"20mg/mL;2mL";1
"5726919";"20mg/mL;5mL";1
"5726925";"20mg/mL;15mL";1
"5727072";"200mg";10
"5727089";"400mg";10
"5727801";"1mg/mL;1mL";10
"5729332";"20mg/mL;2mL";1
"5729349";"20mg/mL;5mL";1
"5729409";"10mg/mL;20mL";1
"5729415";"10mg/mL;50mL";1
"5729421";"10mg/mL;100mL";1
"5729438";"600mg";5
"5729970";"1000mg";50
"5732392";"5mg/mL;40mL";1
"5736645";"1mg/mL;5mL";10
"5736651";"5mg/mL;1mL";10
"5736674";"5mg/mL;10mL";10
"5737722";"200mg";50
"5738199";"10mg/mL;1mL";1
"5738213";"10mg/mL;5mL";1
"5738621";"5mg/mL;20mL";5
"5739796";"400mg";1
"5742404";"6mg/mL;5mL";1
"5742410";"6mg/mL;16,7mL";1
"5742427";"6mg/mL;25mL";1
"5742433";"6mg/mL;50mL";1
"5744024";"5mg/mL;40mL";1
"5744283";"20mg/mL;2mL";1
"5744337";"20mg/mL;5mL";1
"5747821";"2mg/mL;50mL";1
"5748950";"20mg/mL;5mL";1
"5750415";"6mg/mL;5mL";1
"5750438";"6mg/mL;16,7mL";1
"5750450";"6mg/mL;50mL";1
"5751490";"20mg/mL;2mL";1
"5751509";"20mg/mL;5mL";1
"5752377";"2mg/mL;5mL";1
"5752408";"2mg/mL;25mL";1
"5752420";"2mg/mL;100mL";1
"5753371";"20mg/mL;25mL";1
"5756369";"20mg/mL;2mL";1
"5756375";"20mg/mL;5mL";1
"5756381";"20mg/mL;15mL";1
"5756599";"5mg/mL;100mL";30
"5757819";"20mg/mL;15mL";1
"5757854";"20mg/mL;25mL";1
"5759273";"5mg/mL;10mL";1
"5759296";"5mg/mL;20mL";1
"5759787";"250mg;250mg";10
"5760224";"2mg/mL;5mL";1
"5760230";"2mg/mL;10mL";1
"5760247";"2mg/mL;25mL";1
"5760253";"2mg/mL;100mL";1
"5764216";"500mg;500mg";10
"5767976";"20mg/mL;15mL";1
"5767982";"20mg/mL;25mL";1
"5768415";"5mg/mL;10mL";1
"5768421";"5mg/mL;20mL";1
"5769308";"400mg";5
"5769455";"50mg/mL;2mL";10
"5769805";"500mg;500mg";10
"5770122";"250mg;250mg";10
"5770151";"500mg;500mg";10
"5770530";"10mg";1
"5770547";"50mg";1
"5772351";"20mg";5
"5772836";"1mg";10
"5772894";"2mg";10
"5772954";"5mg";10
"5776774";"0,5mg";1
"5776797";"1,5mg";1
"5778603";"500mg;500mg";10
"5779169";"1mg";5
"5779181";"2mg";5
"5779206";"5mg";5
"5781901";"1mg/mL;50mL";12
"5784549";"100mg";5
"5784578";"200mg";5
"5784609";"400mg";5
"5785299";"50mg";10
"5785419";"250mg";10
"5785460";"500mg";10
"5788085";"6mg/mL;5mL";1
"5788091";"6mg/mL;16,7mL";1
"5788116";"6mg/mL;50mL";1
"5788642";"250mg";10
"5790834";"500mg";10
"5790923";"1000mg";10
"5790975";"2000mg";10
"5791093";"20mg/mL;15mL";1
"5791532";"200mg";1
"5792313";"250mg";10
"5795292";"500mg";10
"5795317";"1mg";5
"5795323";"2mg";5
"5795346";"5mg";5
"5795352";"1000mg";10
"5795464";"5mg/mL;40mL";1
"5795725";"500mg";100
"5795760";"10mg/mL;5mL";10
"5797256";"6mg/mL;25mL";1
"5797262";"6mg/mL;100mL";1
"5800745";"500mg";10
"5800780";"1000mg";10
"5803413";"5mg/mL;10mL";1
"5803436";"5mg/mL;20mL";1
"5803442";"5mg/mL;40mL";1
"5803666";"5mg/mL;40mL";1
"5804157";"250mg";1
"5804447";"500mg";50
"5811074";"2mg/mL;300mL";10
"5812205";"1000mg";10
"5812843";"1mg/mL;100mL";10
"5813179";"50mg";1
"5813216";"200mg";1
"5815735";"1000mg";30
"5815882";"5mg/mL;50mL";10
"5815907";"5mg/mL;100mL";10
"5821061";"200mg";30
"5821813";"1000mg";100
"5824929";"1000mg";20
"5825426";"0,1mg/mL;2mL";25
"5829507";"500mg";10
"5830752";"500mg";10
"5830812";"1000mg";10
"5834106";"1000mg";40
"5834112";"1000mg";40
"5837748";"200mg";30
"5839799";"50mg";5
"5839807";"250mg";5
"5845989";"1mg/mL;50mL";12
"5849473";"10mg/mL;20mL";5
"5849645";"0,400mg";16
"5849668";"0,400mg";16
"5854132";"6,75mg";1
"5854149";"37,5mg";1
"5854623";"2mg/mL;2,5mL";5
"5854652";"2mg/mL;5mL";5
"5854675";"2mg/mL;10mL";5
"5854681";"5mg/mL;30mL";1
"5856042";"62,5mg";56
"5856102";"125mg";56
"5856409";"100mg";10
"5861712";"500mg";10
"5867749";"6mg/mL;25mL";1
"5867755";"6mg/mL;100mL";1
"5868571";"5mg/mL;10mL";1
"5869688";"500mg";30
"5869837";"100mg";10
"5869866";"500mg";5
"5871691";"500mg";100
"9999997";"200mg;50mg";120
"9999998";"20mg/mL;80mg/mL;60mL";5
"9999999";"5mg/mL;10mL";1
"9999995";"0,1mg/mL;2mL";5
"9999996";"0,1mg/mL;2mL";25
"3111243";"10mg";6
"3111303";"10mg/mL;20mL";1
"5746454";"400mg";1
"5746431";"80mg";1
"5746448";"200mg";1
"3111272";"10mg";30
"5544383";"10mg";100
"3013573";"2mg";80
"3016506";"0,013mg";30
"3016508";"0,050mg";30
"3016512";"0,100mg";30
"3016514";"0,125mg";30
"3016515";"0,137mg";30
"3016516";"0,150mg";30
"3016517";"0,175mg";30
"3016518";"0,200mg";30
"9999981";"1mg/ml;1ml";502
"9999982";"200mg";1
"9999983";"400mg";1
"9999984";"80mg";1
"3751557";"100mg";30
"3751592";"100mg";90
"3751669";"50mg";30
"3751698";"50mg";90
"3705439";"500mg";12
"3615736";"0,150mg";2
"3615742";"0,300mg";2
"3189593";"4mg/mL;30mL";1
"5540936";"20mg";20
"3243074";"10mg";5
"3003936";"150mg;37,5mg;200mg";100
"3003943";"175mg;43,75mg;200mg";100
"3003910";"50mg;12,5mg;200mg";100
"3928524";"0,25mg";12
"3928530";"0,25mg";21
"3928694";"0,5mg";21
"3928702";"0,5mg";28
"3929937";"1mg";21
"3930076";"2mg";21
"3930082";"2mg";28
"2738715";"80mg";30
"5674789";"250ml";6
"3526369";"20mg";28
"3486517";"200mg";60
"3486523";"200mg";100
"3698449";"0,200mg";1
"3001040";"1,5mg";12
"3644761";"1,5mg";12
"3644784";"1,5mg";36
"3002427";"21mg";7
"3002416";"7mg";7
"3649907";"1,5mg";12
"3649936";"1,5mg";36
"3767972";"1,5mg";12
"3767995";"1,5mg";36
"3872887";"2,5mg";12
"3872901";"2,5mg";36
"3872953";"2,5mg";96
"3872999";"2,5mg";12
"3873013";"2,5mg";36
"3853884";"200mg;50mg;200mg";100
"3944256";"125mg;31,25mg;200mg";100
"3634573";"100mg;25mg;200mg";100
"3634627";"150mg;37,5mg;200mg";100
"2670420";"175mg;43,75mg;200mg";100
"3634538";"50mg;12,5mg;200mg";100
"3944196";"75mg;18,75mg;200mg";100
"3967984";"100mg";30
"3016140";"100mg";60
"3016132";"400mg";30
"3017746";"100mg";30
"3017748";"140mg";30
"3017982";"20mg";60
"3017985";"50mg";60
"3017986";"70mg";60
"3934312";"0,18mg";30
"3934370";"0,7mg";100
"3932684";"50mg";30
"3932715";"50mg";90
"3009688";"400mg";30
"3002687";"400mg";30
"2192475";"80mg";30
"2192481";"80mg";90
"3857534";"100mg";30
"4964077";"100mg";90
"3946700";"50mg";90
"3640898";"1mg";36
"3640906";"1mg";96
"3891991";"1mg";144
"3686854";"2mg";96
"3892447";"2mg";144
"3346791";"14mg";7
"3346845";"21mg";7
"3346756";"7mg";7
"3346785";"7mg";28
"2179612";"2mg";204
"2663271";"100mg";90
"2665057";"40mg";90
"2665063";"80mg";30
"2665086";"80mg";90
"4163839";"2mg";28
"3019022";"20mg";60
"3019021";"50mg";60
"3019024";"70mg";60
"2762228";"0,26mg";30
"2762240";"0,52mg";30
"3005965";"400mg";30
"3005963";"100mg";60
"3002724";"0,150mg";2
"3002727";"0,300mg";2
"3003891";"0,500mg";2
"5659815";"0,25mg";100
"5845937";"0,5mg/mL;50mL";12
"3571967";"7mg";28
"3575238";"2mg";36
"3701306";"2mg";24
"3701329";"2mg";96
"3701335";"4mg";96
"3867277";"4mg";60
"5504949";"500mg";10
"5900273";"1000mg";10
"5506627";"0,1mg/mL;2mL";5
"3015804";"0,112mg";30
"3015807";"0,112mg";90
"3012144";"0,125mg";90
"3015818";"0,137mg";90
"3356938";"200mg;50mg";30
"3341575";"2,5mg";20
"3013734";"1000mg";30
"3010353";"100mg;25mg;200mg";100
"3010372";"200mg;50mg;200mg";100
"4963681";"0,18mg";30
"4963907";"0,7mg";30
"3835656";"100mg";28
"3622498";"400mg";30
"2770908";"175mg;43,75mg;200mg";100
"2770854";"75mg;18,75mg;200mg";100
"4163785";"2mg";28
"3001204";"0,26mg";30
"3001233";"1,05mg";30
"3001237";"2,1mg";30
"3965293";"50mg";90
"4191468";"40mg";90
"3830162";"100mg";30
"3830268";"100mg";90
"5788435";"1000mg";10
"3016509";"0,075mg";30
"3005706";"400mg";30
"3870322";"100mg";84
"3019013";"140mg";30
"3622475";"100mg";60
"3010367";"175mg;43,75mg;200mg";100
"4963959";"0,7mg";100
"3010270";"200mg;50mg;200mg";100
"3829851";"50mg";30
"4924617";"0,7mg";100
"3013775";"0,200mg";30
"3016511";"0,088mg";30
"3016513";"0,112mg";30
"3005711";"100mg";60
"2738744";"80mg";90
"5769076";"1000mg";10
"3649988";"1,5mg";96
"4949971";"0,5mg";20
"2225832";"0,5mg";20
"2770877";"125mg;31,25mg;200mg";100
"3010263";"100mg;25mg;200mg";100
"4191540";"80mg";30
"2241305";"0,7mg";30
"4163957";"4mg";28
"3005497";"0,1mg/mL;10mL";10
"3006796";"100mg";60
"3010268";"175mg;43,75mg;200mg";100
"2738661";"40mg";90
"2738632";"40mg";30
"2762292";"2,1mg";30
"2770860";"100mg;25mg;200mg";100
"3003917";"75mg;18,75mg;200mg";100
"2801129";"175mg;43,75mg;200mg";100
"2663236";"50mg";90
"3010349";"75mg;18,75mg;200mg";100
"3010267";"150mg;37,5mg;200mg";100
"3732850";"2mg";7
"3933270";"100mg";30
"2800957";"100mg;25mg;200mg";100
"3005712";"400mg";30
"3000362";"75mg;18,75mg;200mg";100
"4164052";"8mg";28
"3007440";"400mg";30
"3926063";"50mg";84
"3016507";"0,025mg";30
"3019014";"100mg";30
"2770848";"50mg;12,5mg;200mg";100
"3968096";"50mg";90
"2762263";"1,05mg";30
"3690614";"0,1mg/mL;5mL";10
"3926146";"100mg";84
"3732873";"4mg";7
"3000322";"50mg;12,5mg;200mg";100
"2756498";"0,300mg";2
"2770883";"150mg;37,5mg;200mg";100
"3000345";"175mg;43,75mg;200mg";100
"2762932";"40mg";90
"3716727";"80mg";90
"5611464";"0,010mg";5
"3003924";"100mg;25mg;200mg";100
"2801951";"2mg";28
"3852815";"50mg";90
"5504216";"1000mg";10
"3003930";"125mg;31,25mg;200mg";100
"3918448";"2mg";28
"3010262";"75mg;18,75mg;200mg";100
"3364961";"0,100mg";200
"4960091";"1mg";20
"3672378";"0,5mg";20
"3372713";"0,5mg";20
"2800905";"75mg;18,75mg;200mg";100
"3006797";"400mg";30
"3852956";"100mg";90
"3007192";"10mg/mL;3mL";5
"4963729";"0,18mg";100
"3009246";"0,7mg";30
"2762984";"80mg";90
"3010345";"50mg;12,5mg;200mg";100
"3010265";"125mg;31,25mg;200mg";100
"3934358";"0,7mg";30
"4197904";"40mg";90
"3008526";"1mg";1
"3672148";"0,5mg";20
"3013772";"0,175mg";30
"3009683";"100mg";60
"2745916";"4mg";28
"3454664";"100mg";100
"3002636";"100mg";60
"2770914";"200mg;50mg;200mg";100
"3010259";"50mg;12,5mg;200mg";100
"2213728";"2mg";28
"5866885";"100mg";20
"3926034";"50mg";28
"3009238";"0,18mg";100
"3793975";"0,7mg";100
"3000353";"200mg;50mg;200mg";100
"3962142";"100mg";30
"2663207";"50mg";30
"3003951";"200mg;50mg;200mg";100
"3716710";"40mg";90
"2235859";"8mg";28
"3933301";"100mg";90
"3000365";"125mg;31,25mg;200mg";100
"3629402";"0,200mg";200
"3000338";"150mg;37,5mg;200mg";100
"2665040";"40mg";30
"3189110";"50mg";100
"2235782";"4mg";28
"3243016";"20mg";5
"5768958";"1000mg";50
"3214109";"500mg";10
"3953605";"0,18mg";30
"2241268";"0,18mg";30
"3015816";"0,137mg";30
"2742869";"220mg";24
"3953663";"0,7mg";30
"3001382";"0,075mg";100
"3015905";"100mg";90
"3926100";"100mg";28
"3634751";"0,7mg";100
"2192469";"40mg";90
"3002196";"100mg";60
"2800851";"50mg;12,5mg;200mg";100
"3474230";"10mg";30
"3872410";"5mg";21
"2802063";"8mg";28
"5769107";"1000mg";50
"3698490";"0,400mg";100
"3777640";"80mg";90
"2225849";"1mg";20
"3965034";"10mg";7
"3852927";"100mg";30
"3013766";"0,137mg";30
"3896801";"100mg";30
"3000330";"100mg;25mg;200mg";100
"2227676";"200mg";60
"3968050";"50mg";30
"2762903";"40mg";30
"3010362";"150mg;37,5mg;200mg";100
"4164000";"8mg";28
"3880237";"5mg";21
"3008253";"2mg";28
"3643365";"0,5mg/mL;1mL";10
"3777700";"20mg";30
"4197991";"80mg";90
"2801170";"200mg;50mg;200mg";100
"2745968";"8mg";28
"4163911";"4mg";28
"4197873";"40mg";30
"3005701";"100mg";60
"3829940";"50mg";90
"2762961";"80mg";30
"3002201";"400mg";30
"4177273";"1mg";21
"3698478";"0,400mg";200
"3870210";"50mg";28
"5756263";"240ml";6
"3012150";"0,175mg";90
"3008269";"8mg";28
"4166097";"4mg";28
"3965063";"15mg";7
"3595293";"1000mg/5mL";1
"3965100";"25mg";7
"4924592";"0,18mg";100
"3001368";"0,025mg";100
"3629388";"0,200mg";200
"3793969";"0,7mg";30
"2227682";"200mg";100
"5769024";"500mg";50
"2802011";"4mg";28
"3873071";"2,5mg";96
"4177149";"2mg";21
"3852784";"50mg";30
"3714504";"100mg";90
"3007428";"100mg";60
"5675257";"0,010mg";10
"3934335";"0,18mg";100
"3010357";"125mg;31,25mg;200mg";100
"3006289";"100mg";60
"4949132";"500mg";5
"2801017";"125mg;31,25mg;200mg";100
"3001378";"0,050mg";100
"3004830";"100mg";60
"3118676";"2400mg";1
"3287002";"100mg";14
"3896847";"100mg";90
"3009233";"0,18mg";30
"2689649";"4mg";108
"3877169";"100mg";90
"3946692";"50mg";30
"3709762";"4mg";30
"3672208";"1mg";20
"3004835";"400mg";30
"2179606";"2mg";96
"2745856";"2mg";28
"2801075";"150mg;37,5mg;200mg";100
"2690316";"4mg";108
"3748377";"100Âµg;20Âµg";50
"3013743";"0,013mg";30
"3880177";"0,5mg";21
"4166134";"8mg";28
"3011985";"0,200mg";100
"3777723";"80mg";30
"3168438";"250mg";10
"3889296";"0,25mg";21
"3714616";"50mg";90
"3016938";"5mg/mL;10mL";10
"4166051";"2mg";28
"3879990";"0,25mg";21
"5504757";"250ml";6
"3777628";"40mg";90
"3272578";"25mg";5
"5653623";"0,02g";50
"3918402";"0,5mg";28
"5611470";"0,050mg";10
"3872396";"1mg";21
"4197979";"80mg";30
"3006296";"400mg";30
"3968015";"100mg";90
"3015907";"50mg";90
"3013760";"0,112mg";30
"3634745";"0,7mg";30
"3634716";"0,18mg";100
"3013779";"0,025mg";30
"5649018";"0,010mg";20
"3565820";"0,100mg;6microgrammes";120
"2191398";"80mg";90
"3008218";"1000mg";14
"3286994";"60mg";14
"3474282";"5mg";30
"5590029";"0,005g";50
"2689307";"2mg";108
"3672266";"0,5mg";20
"3655049";"4mg";30
"3889505";"0,5mg";21
"3008527";"1mg";2
"3373569";"1mg";20
"5675323";"0,050mg";10
"3672421";"1mg";20
"3624066";"0,5mg";20
"3777717";"40mg";30
"3016934";"5mg/mL;10mL";10
"3772134";"6mg";30
"5500579";"10mg/mL;4mL";1
"3804756";"0,200mg";6
"3698461";"0,400mg";100
"3414788";"3mg";1
"3709621";"2mg";30
"3008262";"4mg";28
"3013750";"0,075mg";30
"3772157";"8mg";30
"5572468";"0,250mg";10
"3013757";"0,100mg";30
"3793952";"0,18mg";100
"3865700";"0,5mg";20
"3763098";"2mg";30
"5504461";"40mg/mL;125mL";1
"2773203";"100mg";7
"3584958";"100mg";28
"2192452";"40mg";30
"2241050";"1mg";1
"3013763";"0,125mg";30
"3896652";"50mg";30
"2191228";"40mg";90
"3414771";"3mg";1
"5504211";"500mg";10
"3777611";"40mg";30
"2209282";"0,5mg";20
"3930550";"2mg";21
"3004893";"40mg";10
"3028536";"0,5mg";30
"3880214";"2mg";21
"3001364";"0,025mg";30
"3655871";"0,5mg";10
"3772111";"4mg";30
"3005987";"0,200mg;6microgrammes";120
"5758486";"1mg";30
"3266135";"550mg";16
"3013769";"0,150mg";30
"5590035";"0,01g";50
"3880183";"1mg";21
"3013754";"0,088mg";30
"3918394";"0,25mg";12
"3939545";"2mg";204
"3286988";"30mg";14
"3012148";"0,200mg";90
"3792237";"8mg";28
"3009678";"4mg";30
"2760979";"2mg";20
"3930567";"2mg";28
"3001231";"0,52mg";30
"3502417";"500mg";10
"2787547";"0,160mg;4,5microgrammes";120
"2689974";"2mg";108
"3777634";"80mg";30
"3792214";"4mg";28
"3250039";"275mg";30
"3772097";"2mg";30
"3672326";"1mg";20
"3001375";"0,050mg";30
"3013746";"0,050mg";30
"3353644";"750mg";15
"3585604";"0,200mg";60
"3792154";"2mg";28
"5753046";"10mg";50
"3896698";"50mg";90
"3709897";"2mg";30
"4937844";"80mg";90
"2787553";"0,320mg;9microgrammes";60
"2209299";"1mg";20
"5630757";"20mg";10
"3436821";"250mg;25mg";50
"3974990";"2,1mg";30
"3795649";"7mg";7
"3762130";"200mg;50mg";30
"3872404";"2mg";21
"3015904";"100mg";30
"3654966";"2mg";30
"3385242";"50mg";28
"3175616";"10mg";1
"4937614";"40mg";90
"3483921";"10mg";42
"3344993";"1000mg";8
"4197620";"40mg";90
"3974926";"0,26mg";30
"5649053";"0,050mg";20
"3483890";"10mg";6
"3374787";"0,400mg";100
"3001379";"0,075mg";30
"3470278";"4mg";96
"5630763";"4mg";20
"3008215";"1000mg";6
"2756475";"0,150mg";2
"3108608";"20mg";30
"3887647";"50mg";30
"3626326";"1mg";20
"3011982";"0,150mg";100
"4191416";"40mg";30
"3011983";"0,175mg";100
"3631712";"2mg";96
"3515928";"20mg";10
"5500580";"10mg/mL;10mL";1
"3332754";"0,200mg";200
"3930389";"0,5mg";21
"3001384";"0,100mg";30
"4197608";"40mg";30
"3877100";"100mg";30
"3939522";"2mg";204
"3832959";"200mg;50mg";60
"3930484";"1mg";21
"3974978";"1,05mg";30
"3581463";"10mg";10
"3074312";"40mg/mL;30mL";1
"3172463";"250mg;25mg";50
"2781875";"5mg/mL;20mL";5
"3974955";"0,52mg";30
"3286971";"10mg";14
"3762093";"100mg;25mg";30
"3009662";"2mg";30
"3284943";"1mg";5
"3001387";"0,100mg";100
"2191197";"40mg";30
"4197732";"80mg";90
"3865829";"1mg";20
"3357234";"100mg";1
"3795603";"14mg";7
"3872373";"0,5mg";21
"3757695";"2mg";210
"3965057";"10mg";28
"3930248";"0,25mg";21
"3710073";"4mg";105
"3476329";"0,5mg";10
"3009679";"4mg";100
"2760985";"2mg";80
"3153371";"100mg";50
"3002426";"14mg";28
"3709839";"4mg";105
"3124168";"1,5MUI";16
"3470284";"2mg";96
"3835550";"50mg";28
"5631627";"250mL";1
"2241067";"1mg";2
"3629885";"0,02g";28
"2191352";"80mg";30
"3631675";"2mg";36
"3768055";"1,5mg";96
"3631623";"4mg";96
"4937809";"80mg";30
"3631586";"4mg";36
"4937554";"40mg";30
"3835604";"50mg";90
"3009320";"0,160mg;4,5microgrammes";120
"3793900";"0,18mg";30
"3012146";"0,150mg";90
"3202655";"2,5mg";30
"3442827";"1mg/ml;1ml";6
"5505557";"10mg/mL;24mL";1
"3015795";"0,088mg";90
"3763075";"4mg";105
"3900336";"2mg";210
"3795572";"21mg";7
"3436850";"100mg;10mg";100
"3763141";"2mg";210
"3006557";"0,025mg";90
"5748967";"10mg";50
"3200805";"100mg;10mg";100
"3965092";"15mg";28
"4197703";"80mg";30
"3174717";"2mg";50
"3763112";"2mg";105
"3930395";"0,5mg";28
"3585633";"0,400mg";60
"3763158";"4mg";105
"3006663";"100mg;25mg";60
"3634691";"0,18mg";30
"3009663";"2mg";100
"4191600";"80mg";90
"3515822";"0,064mg";120
"3763129";"2mg";210
"3709696";"2mg";105
"3009324";"0,320mg;9microgrammes";60
"3686860";"2mg";204
"3872367";"0,25mg";21
"3002424";"14mg";7
"3015793";"0,088mg";30
"3002334";"0,200mg";30
"3006568";"0,050mg";90
"3346839";"14mg";28
"3074298";"100mg";20
"3011981";"0,125mg";100
"3006660";"200mg;50mg";60
"3149889";"4mg";30
"3799239";"2mg";100
"3709957";"2mg";105
"3816498";"2mg";28
"3631534";"2mg";96
"3467224";"550mg";16
"3006666";"100mg;25mg";60
"3631497";"2mg";36
"3356654";"100mg;25mg";30
"3835691";"100mg";90
"3006654";"50mg;12,5mg";60
"3006693";"5mg";20
"3003829";"0,150mg";2
"4162811";"550mg";16
"3006687";"2mg";50
"3002421";"7mg";28
"3006624";"0,175mg";30
"3640912";"1mg";204
"3965123";"25mg";28
"3170524";"2,5mg/mL;20mL";1
"3686848";"2mg";36
"3011977";"0,050mg";100
"3346874";"21mg";28
"3763135";"2mg";105
"3005953";"10mg";30
"3832899";"100mg;25mg";60
"3832830";"50mg;12,5mg";60
"3795632";"14mg";28
"3012553";"550mg";16
"3011976";"0,025mg";100
"3811265";"0,150mg";1
"4997415";"550mg";16
"3011980";"0,100mg";100
"3189067";"50mg";30
"3214115";"100mg";1
"3003830";"0,300mg";2
"3253109";"2mg";40
"3795595";"21mg";28
"3006656";"100mg;25mg";60
"3011979";"0,075mg";100
"3565843";"0,200mg;6microgrammes";120
"3002430";"21mg";28
"3074281";"25mg";20
"3770135";"0,01g";30
"3006618";"0,150mg";30
"3770129";"0,005g";30
"3867254";"4mg";20
"3599730";"0,400mg;12microgrammes";60
"3988874";"0,064mg";120
"3140500";"10mg";30
"5559545";"1,5MUI";1
"3174723";"5mg";20
"3867219";"1,5mg";20
"3006566";"0,050mg";30
"3253090";"5mg";40
"3051417";"10mg";25
"3649899";"1,5mg";96
"3006555";"0,025mg";30
"3006589";"0,100mg";30
"3012142";"0,100mg";90
"3006578";"0,075mg";30
"3012140";"0,075mg";90
"3867231";"1,5mg";60
"3006601";"0,125mg";30
"3253115";"10mg";30
"2203210";"600mg";90
"2203233";"800mg";90
"2674263";"600mg";90
"2674369";"800mg";90
"2692114";"60mg";1
"2695897";"40mg";30
"2695934";"40mg";90
"2699292";"80mg";30
"2699346";"80mg";90
"2699435";"0,250mg";15
"2748197";"100mg";90
"2748205";"300mg";90
"2748211";"400mg";90
"2748234";"600mg";90
"2748257";"800mg";90
"2775030";"1000mg;125mg";8
"2775047";"1000mg;125mg";12
"2789523";"25mg";30
"2789581";"25mg";30
"2789635";"25mg";30
"2789730";"25mg";30
"2789807";"25mg";30
"2789865";"25mg";30
"2789919";"25mg";30
"2789960";"25mg";30
"3000119";"0,75mg";30
"3000122";"1mg";30
"3000126";"4mg";30
"3000640";"25mg";30
"3000646";"25mg";30
"3005355";"600mg";50
"3005356";"800mg";50
"3005573";"9mg";30
"3005992";"200mg";1
"3006088";"99,9%m/m";1
"3006317";"100mg";60
"3006324";"400mg";30
"3006466";"100mg";90
"3006467";"300mg";90
"3007176";"9mg";30
"3008137";"25mg";30
"3008143";"400mg";1
"3008180";"25mg";30
"3008182";"25mg";30
"3008245";"600mg";90
"3008250";"800mg";90
"3014692";"3mg";4
"3014697";"3mg";4
"3014707";"3mg";4
"3014922";"100mg";90
"3014926";"300mg";90
"3015307";"25mg";30
"3015519";"3mg";4
"3015532";"3mg";4
"3015536";"3mg";4
"3047143";"1mg";40
"3047189";"5mg";5
"3057118";"25mg";50
"3057124";"100mg";30
"3057147";"1200mg";1
"3095969";"50mg";20
"3205932";"10mg";30
"3208250";"5mg";30
"3222770";"25mg";30
"3233420";"0,75g";1
"3240443";"20mg";60
"3263510";"50mg";5
"3269932";"50mg";1
"3272242";"25mg";5
"3286528";"20mg";30
"3291274";"200mg";1
"3343574";"50mg";30
"3378986";"100mg";90
"3379017";"300mg";90
"3380144";"400mg";90
"3395223";"10mg";30
"3395246";"20mg";30
"3398428";"100mg";30
"3463930";"10mg";30
"3463947";"20mg";30
"3523885";"3mg";4
"3523891";"3mg";20
"3533949";"10mg";40
"3533984";"10mg";40
"3551321";"0,15mg";10
"3569261";"3mg";50
"3569278";"3mg";90
"3582540";"10mg";30
"3583344";"20mg";30
"3587661";"20mg";10
"3588755";"10mg";30
"3590025";"600mg";90
"3590048";"800mg";90
"3594069";"0,15mg";30
"3594879";"100mg;12,5mg";1
"3594885";"100mg;12,5mg";1
"3606163";"500mg;62,5mg";16
"3606186";"500mg;62,5mg";24
"3613565";"100mg";10
"3614346";"10mg";30
"3614352";"20mg";30
"3647624";"20mg";30
"3666403";"20mg";30
"3667785";"100mg";90
"3667851";"300mg";90
"3667874";"400mg";90
"3668046";"400mg";90
"3668129";"400mg";90
"3679759";"10mg";30
"3679765";"20mg";30
"3686305";"400mg";90
"3688942";"400mg";90
"3694210";"400mg";90
"3695391";"1,5g";1
"3744190";"300mg";90
"3744244";"300mg";90
"3744304";"100mg";90
"3744379";"100mg";90
"3744445";"300mg";90
"3744497";"400mg";90
"3744669";"100mg";90
"3769362";"200mg";10
"3772022";"0,250mg";15
"3772950";"800mg";90
"3773406";"600mg";90
"3778823";"600mg";90
"3778898";"800mg";90
"3778987";"100mg";90
"3779113";"300mg";90
"3779248";"600mg";90
"3779320";"800mg";90
"3797051";"800mg";90
"3797074";"600mg";90
"3800215";"100mg";90
"3800681";"300mg";90
"3816179";"400mg";90
"3826491";"400mg";90
"3870233";"50mg";84
"3900253";"0,1mg";1
"3900299";"0,2mg";1
"3920379";"600mg";90
"3920474";"800mg";90
"3964508";"50mg";28
"3964566";"50mg";90
"3964649";"100mg";28
"3964690";"100mg";90
"3975512";"10mg";40
"4992174";"100mg";90
"4992257";"300mg";90
"4992458";"400mg";90
"5500569";"5000mg";1
"5501649";"1mg";10
"5502902";"25mg";250
"5533706";"50mg";100
"5533936";"50mg";25
"5557925";"10mg";50
"5560229";"10mg";10
"5621675";"0,250mg";1
"5632325";"0,050mg";1
"5633098";"50mg";10
"5667743";"200mg";1
"5722258";"400mg";1
"5722353";"200mg";1
"5789618";"10mg";100
"5826986";"10mg";10
"5848611";"100mg";30
"5849119";"25mg";30
"5849160";"50mg";30
"5859891";"0,050mg";1
"5866336";"0,050mg";1
"5871768";"1mg";10
"9999971";"4mg";96
"9999972";"2mg";96
"9999973";"4mg";100
"9999974";"4mg";30
"9999975";"2mg";30
"9999976";"2mg";100
"9999977";"1,5mg";20
"9999978";"1,5mg";60
"9999979";"4mg";20
"9999980";"4mg";60
